{"cameraMode":{"drawMode":0,"name":"Shaded","section":"Shading Mode"},"sceneLighting":false,"audioPlay":false,"sceneViewState":{"showFog":true,"showMaterialUpdate":false,"showSkybox":false,"showFlares":true,"showImageEffects":true,"showParticleSystems":true},"in2DMode":false,"pivot":{"x":32.03599548339844,"y":8.629890441894532,"z":-0.252288818359375},"rotation":{"x":0.17729517817497254,"y":0.5505324006080627,"z":-0.12098926305770874,"w":0.8067586421966553},"size":7.406133651733398,"orthographic":false}