{"cameraMode":{"drawMode":0,"name":"Shaded","section":"Shading Mode"},"sceneLighting":false,"audioPlay":false,"sceneViewState":{"showFog":true,"showMaterialUpdate":false,"showSkybox":false,"showFlares":true,"showImageEffects":true,"showParticleSystems":true},"in2DMode":false,"pivot":{"x":84.47000122070313,"y":14.460000038146973,"z":2.2300000190734865},"rotation":{"x":-0.19667191803455354,"y":0.059059128165245059,"z":-0.011866406537592411,"w":-0.9786267280578613},"size":5.775000095367432,"orthographic":false}