{"cameraMode":{"drawMode":0,"name":"Shaded","section":"Shading Mode"},"sceneLighting":true,"audioPlay":false,"sceneViewState":{"showFog":true,"showMaterialUpdate":false,"showSkybox":true,"showFlares":true,"showImageEffects":true,"showParticleSystems":true},"in2DMode":false,"pivot":{"x":-1.692422866821289,"y":7.382616996765137,"z":40.96446990966797},"rotation":{"x":-0.013151517137885094,"y":-0.05814593285322189,"z":-0.0008168035419657826,"w":0.9982569217681885},"size":92.61099243164063,"orthographic":false}