{"cameraMode":{"drawMode":0,"name":"Shaded","section":"Shading Mode"},"sceneLighting":false,"audioPlay":false,"sceneViewState":{"showFog":true,"showMaterialUpdate":false,"showSkybox":false,"showFlares":true,"showImageEffects":true,"showParticleSystems":true},"in2DMode":false,"pivot":{"x":34.0750617980957,"y":4.645784378051758,"z":0.7510576248168945},"rotation":{"x":-0.19667191803455354,"y":0.059059128165245059,"z":-0.011866406537592411,"w":-0.9786267280578613},"size":36.73424530029297,"orthographic":false}